{
  "id": "4193048",
  "name": "家政",
  "font_family": "iconfont",
  "css_prefix_text": "icon-",
  "description": "",
  "glyphs": [
    {
      "icon_id": "2072232",
      "name": "我的",
      "font_class": "wode",
      "unicode": "e623",
      "unicode_decimal": 58915
    },
    {
      "icon_id": "680948",
      "name": "财务",
      "font_class": "caiwu",
      "unicode": "e704",
      "unicode_decimal": 59140
    },
    {
      "icon_id": "827977",
      "name": "文章1",
      "font_class": "wenzhang1",
      "unicode": "e6a9",
      "unicode_decimal": 59049
    },
    {
      "icon_id": "1071026",
      "name": "文章1",
      "font_class": "wenzhang11",
      "unicode": "e65a",
      "unicode_decimal": 58970
    },
    {
      "icon_id": "1137785",
      "name": "财务",
      "font_class": "caiwu1",
      "unicode": "e67a",
      "unicode_decimal": 59002
    },
    {
      "icon_id": "1183143",
      "name": "财务",
      "font_class": "caiwu2",
      "unicode": "e67d",
      "unicode_decimal": 59005
    },
    {
      "icon_id": "3851381",
      "name": "文章",
      "font_class": "wenzhang",
      "unicode": "e668",
      "unicode_decimal": 58984
    },
    {
      "icon_id": "7366414",
      "name": "财务",
      "font_class": "caiwu3",
      "unicode": "e61d",
      "unicode_decimal": 58909
    },
    {
      "icon_id": "12592395",
      "name": "财务",
      "font_class": "caiwu4",
      "unicode": "e74a",
      "unicode_decimal": 59210
    },
    {
      "icon_id": "12753473",
      "name": "文章",
      "font_class": "wenzhang_huaban",
      "unicode": "e62f",
      "unicode_decimal": 58927
    },
    {
      "icon_id": "18644563",
      "name": "财务",
      "font_class": "caiwu5",
      "unicode": "e624",
      "unicode_decimal": 58916
    },
    {
      "icon_id": "35585118",
      "name": "财务2",
      "font_class": "caiwu21",
      "unicode": "eb42",
      "unicode_decimal": 60226
    },
    {
      "icon_id": "37226568",
      "name": "财务",
      "font_class": "caiwu6",
      "unicode": "e63d",
      "unicode_decimal": 58941
    },
    {
      "icon_id": "37288729",
      "name": "财务",
      "font_class": "caiwu7",
      "unicode": "e652",
      "unicode_decimal": 58962
    },
    {
      "icon_id": "933623",
      "name": "分销",
      "font_class": "fenxiao",
      "unicode": "e61a",
      "unicode_decimal": 58906
    },
    {
      "icon_id": "3552289",
      "name": "分销",
      "font_class": "fenxiao1",
      "unicode": "e61b",
      "unicode_decimal": 58907
    },
    {
      "icon_id": "12797048",
      "name": "分销",
      "font_class": "fenxiao2",
      "unicode": "e642",
      "unicode_decimal": 58946
    },
    {
      "icon_id": "31312974",
      "name": "分销",
      "font_class": "fenxiao3",
      "unicode": "e61f",
      "unicode_decimal": 58911
    },
    {
      "icon_id": "31312979",
      "name": "分销2",
      "font_class": "fenxiao21",
      "unicode": "e620",
      "unicode_decimal": 58912
    },
    {
      "icon_id": "35167479",
      "name": "分销",
      "font_class": "fenxiao4",
      "unicode": "e62d",
      "unicode_decimal": 58925
    },
    {
      "icon_id": "5008748",
      "name": "密码",
      "font_class": "xiugaimima-mima",
      "unicode": "e665",
      "unicode_decimal": 58981
    },
    {
      "icon_id": "5967327",
      "name": "密码",
      "font_class": "mima",
      "unicode": "e8db",
      "unicode_decimal": 59611
    },
    {
      "icon_id": "6335479",
      "name": "提醒",
      "font_class": "tixing",
      "unicode": "e66f",
      "unicode_decimal": 58991
    },
    {
      "icon_id": "11065251",
      "name": "密码",
      "font_class": "mima1",
      "unicode": "e90d",
      "unicode_decimal": 59661
    },
    {
      "icon_id": "17605459",
      "name": "提醒",
      "font_class": "tixing1",
      "unicode": "e813",
      "unicode_decimal": 59411
    },
    {
      "icon_id": "18939020",
      "name": "提醒",
      "font_class": "tixing2",
      "unicode": "e621",
      "unicode_decimal": 58913
    },
    {
      "icon_id": "19789150",
      "name": "密码",
      "font_class": "mima2",
      "unicode": "e63c",
      "unicode_decimal": 58940
    },
    {
      "icon_id": "27374455",
      "name": "提醒",
      "font_class": "tixing3",
      "unicode": "e62c",
      "unicode_decimal": 58924
    },
    {
      "icon_id": "734314",
      "name": "支付宝支付",
      "font_class": "zhifubaozhifu",
      "unicode": "e616",
      "unicode_decimal": 58902
    },
    {
      "icon_id": "2465639",
      "name": "支付宝",
      "font_class": "zhifubao",
      "unicode": "e8e4",
      "unicode_decimal": 59620
    },
    {
      "icon_id": "6395300",
      "name": "微信 ",
      "font_class": "weixin-copy",
      "unicode": "e617",
      "unicode_decimal": 58903
    },
    {
      "icon_id": "8334185",
      "name": "微信",
      "font_class": "weixin",
      "unicode": "e6d6",
      "unicode_decimal": 59094
    },
    {
      "icon_id": "8574987",
      "name": "支付宝",
      "font_class": "zhifubao1",
      "unicode": "e618",
      "unicode_decimal": 58904
    },
    {
      "icon_id": "9030455",
      "name": "微信",
      "font_class": "weixin1",
      "unicode": "e61c",
      "unicode_decimal": 58908
    },
    {
      "icon_id": "9810504",
      "name": "小程序",
      "font_class": "xiaochengxu",
      "unicode": "e639",
      "unicode_decimal": 58937
    },
    {
      "icon_id": "10905663",
      "name": "小程序 (1)",
      "font_class": "xiaochengxu1",
      "unicode": "e63a",
      "unicode_decimal": 58938
    },
    {
      "icon_id": "11696920",
      "name": "账号",
      "font_class": "zhanghao",
      "unicode": "e619",
      "unicode_decimal": 58905
    },
    {
      "icon_id": "17827542",
      "name": "小程序",
      "font_class": "xiaochengxu2",
      "unicode": "e61e",
      "unicode_decimal": 58910
    },
    {
      "icon_id": "26847676",
      "name": "账号",
      "font_class": "zhanghao1",
      "unicode": "e66e",
      "unicode_decimal": 58990
    },
    {
      "icon_id": "11044999",
      "name": "排行",
      "font_class": "paihang5",
      "unicode": "e637",
      "unicode_decimal": 58935
    },
    {
      "icon_id": "11487799",
      "name": "收益排行1",
      "font_class": "shouyipaihang",
      "unicode": "e62a",
      "unicode_decimal": 58922
    },
    {
      "icon_id": "11487807",
      "name": "收益排行2",
      "font_class": "shouyipaihang1",
      "unicode": "e62b",
      "unicode_decimal": 58923
    },
    {
      "icon_id": "12063392",
      "name": "排行3",
      "font_class": "paihang6",
      "unicode": "e702",
      "unicode_decimal": 59138
    },
    {
      "icon_id": "12063395",
      "name": "排行1",
      "font_class": "paihang7",
      "unicode": "e703",
      "unicode_decimal": 59139
    },
    {
      "icon_id": "13547746",
      "name": "排行榜",
      "font_class": "paihangbang",
      "unicode": "e64f",
      "unicode_decimal": 58959
    },
    {
      "icon_id": "20266210",
      "name": "排行榜",
      "font_class": "paihangbang1",
      "unicode": "e6dd",
      "unicode_decimal": 59101
    },
    {
      "icon_id": "25670607",
      "name": "排行",
      "font_class": "paihang8",
      "unicode": "fe0e",
      "unicode_decimal": 65038
    },
    {
      "icon_id": "26520568",
      "name": "排行",
      "font_class": "paihang9",
      "unicode": "e650",
      "unicode_decimal": 58960
    },
    {
      "icon_id": "2448122",
      "name": "登录排行",
      "font_class": "denglupaihang",
      "unicode": "e634",
      "unicode_decimal": 58932
    },
    {
      "icon_id": "2671037",
      "name": "排行1",
      "font_class": "paihang",
      "unicode": "e62e",
      "unicode_decimal": 58926
    },
    {
      "icon_id": "3079001",
      "name": "排行1",
      "font_class": "paihang1",
      "unicode": "e659",
      "unicode_decimal": 58969
    },
    {
      "icon_id": "4889795",
      "name": "排行-3",
      "font_class": "paihang-",
      "unicode": "e6a2",
      "unicode_decimal": 59042
    },
    {
      "icon_id": "7461889",
      "name": "排行1",
      "font_class": "paihang2",
      "unicode": "e6e3",
      "unicode_decimal": 59107
    },
    {
      "icon_id": "7461890",
      "name": "排行3",
      "font_class": "paihang3",
      "unicode": "e6e4",
      "unicode_decimal": 59108
    },
    {
      "icon_id": "7461891",
      "name": "排行2",
      "font_class": "paihang4",
      "unicode": "e6e5",
      "unicode_decimal": 59109
    },
    {
      "icon_id": "9520020",
      "name": "星级排行2",
      "font_class": "xingjipaihang",
      "unicode": "e635",
      "unicode_decimal": 58933
    },
    {
      "icon_id": "1183007",
      "name": "消息",
      "font_class": "xiaoxi",
      "unicode": "e64d",
      "unicode_decimal": 58957
    },
    {
      "icon_id": "3947807",
      "name": "漏斗",
      "font_class": "loudou",
      "unicode": "e60d",
      "unicode_decimal": 58893
    },
    {
      "icon_id": "5387705",
      "name": "服务",
      "font_class": "fuwu13",
      "unicode": "eb36",
      "unicode_decimal": 60214
    },
    {
      "icon_id": "6303115",
      "name": "消息",
      "font_class": "xiaoxi2",
      "unicode": "e60e",
      "unicode_decimal": 58894
    },
    {
      "icon_id": "9916621",
      "name": "消息",
      "font_class": "xiaoxi3",
      "unicode": "e64e",
      "unicode_decimal": 58958
    },
    {
      "icon_id": "11195062",
      "name": "消息",
      "font_class": "xiaoxi4",
      "unicode": "e664",
      "unicode_decimal": 58980
    },
    {
      "icon_id": "11236051",
      "name": "漏斗",
      "font_class": "loudou1",
      "unicode": "e610",
      "unicode_decimal": 58896
    },
    {
      "icon_id": "14996402",
      "name": "漏斗 时间",
      "font_class": "loudoushijian",
      "unicode": "e613",
      "unicode_decimal": 58899
    },
    {
      "icon_id": "16728169",
      "name": "服务",
      "font_class": "fuwu14",
      "unicode": "e70f",
      "unicode_decimal": 59151
    },
    {
      "icon_id": "19449190",
      "name": "服务",
      "font_class": "fuwu15",
      "unicode": "e636",
      "unicode_decimal": 58934
    },
    {
      "icon_id": "26419880",
      "name": "消息",
      "font_class": "xiaoxi5",
      "unicode": "10015",
      "unicode_decimal": 65557
    },
    {
      "icon_id": "32533835",
      "name": "消息-copy",
      "font_class": "xiaoxi11",
      "unicode": "e614",
      "unicode_decimal": 58900
    },
    {
      "icon_id": "34650871",
      "name": "服务",
      "font_class": "fuwu16",
      "unicode": "e670",
      "unicode_decimal": 58992
    },
    {
      "icon_id": "4360986",
      "name": "审核",
      "font_class": "shenhe",
      "unicode": "e606",
      "unicode_decimal": 58886
    },
    {
      "icon_id": "5391222",
      "name": "售后",
      "font_class": "shouhou",
      "unicode": "e70b",
      "unicode_decimal": 59147
    },
    {
      "icon_id": "7333994",
      "name": "售后",
      "font_class": "shouhou1",
      "unicode": "e638",
      "unicode_decimal": 58936
    },
    {
      "icon_id": "8122682",
      "name": "上啦",
      "font_class": "shangla",
      "unicode": "e647",
      "unicode_decimal": 58951
    },
    {
      "icon_id": "9974367",
      "name": "下拉",
      "font_class": "xiala",
      "unicode": "ea4a",
      "unicode_decimal": 59978
    },
    {
      "icon_id": "34260209",
      "name": "审核",
      "font_class": "shenhe1",
      "unicode": "e7ed",
      "unicode_decimal": 59373
    },
    {
      "icon_id": "1401554",
      "name": "设置",
      "font_class": "shezhi",
      "unicode": "e641",
      "unicode_decimal": 58945
    },
    {
      "icon_id": "18309270",
      "name": "设 置",
      "font_class": "shezhi1",
      "unicode": "e60c",
      "unicode_decimal": 58892
    },
    {
      "icon_id": "987699",
      "name": "营销",
      "font_class": "yingxiao",
      "unicode": "e60f",
      "unicode_decimal": 58895
    },
    {
      "icon_id": "4226277",
      "name": "营销",
      "font_class": "yingxiao1",
      "unicode": "e60b",
      "unicode_decimal": 58891
    },
    {
      "icon_id": "6882593",
      "name": "营销",
      "font_class": "yingxiao3",
      "unicode": "e604",
      "unicode_decimal": 58884
    },
    {
      "icon_id": "7176976",
      "name": "营销",
      "font_class": "yingxiao4",
      "unicode": "e615",
      "unicode_decimal": 58901
    },
    {
      "icon_id": "7817242",
      "name": "营销",
      "font_class": "yingxiao5",
      "unicode": "e633",
      "unicode_decimal": 58931
    },
    {
      "icon_id": "12293771",
      "name": "营销",
      "font_class": "yingxiao6",
      "unicode": "e605",
      "unicode_decimal": 58885
    },
    {
      "icon_id": "21905648",
      "name": "营销人员",
      "font_class": "yingxiaorenyuan",
      "unicode": "e64c",
      "unicode_decimal": 58956
    },
    {
      "icon_id": "22721940",
      "name": "营销",
      "font_class": "yingxiao7",
      "unicode": "e6b3",
      "unicode_decimal": 59059
    },
    {
      "icon_id": "23778959",
      "name": "营销",
      "font_class": "yingxiao8",
      "unicode": "e611",
      "unicode_decimal": 58897
    },
    {
      "icon_id": "28604545",
      "name": "营销",
      "font_class": "yingxiao9",
      "unicode": "e640",
      "unicode_decimal": 58944
    },
    {
      "icon_id": "32388763",
      "name": "营销",
      "font_class": "yingxiao10",
      "unicode": "e6df",
      "unicode_decimal": 59103
    },
    {
      "icon_id": "35432593",
      "name": "营销报销 (2)",
      "font_class": "a-yingxiaobaoxiao2",
      "unicode": "e629",
      "unicode_decimal": 58921
    },
    {
      "icon_id": "1010089",
      "name": "服务",
      "font_class": "fuwu",
      "unicode": "e607",
      "unicode_decimal": 58887
    },
    {
      "icon_id": "1177708",
      "name": "服务",
      "font_class": "fuwu1",
      "unicode": "e622",
      "unicode_decimal": 58914
    },
    {
      "icon_id": "3060933",
      "name": "服务",
      "font_class": "fuwu2",
      "unicode": "e65c",
      "unicode_decimal": 58972
    },
    {
      "icon_id": "3723961",
      "name": "绿洲_概览",
      "font_class": "lvzhou_gailan",
      "unicode": "e63b",
      "unicode_decimal": 58939
    },
    {
      "icon_id": "4838207",
      "name": "服务 中介 物业",
      "font_class": "fuwuzhongjiewuye",
      "unicode": "e609",
      "unicode_decimal": 58889
    },
    {
      "icon_id": "4921087",
      "name": "服务人员管理",
      "font_class": "fuwurenyuanguanli",
      "unicode": "e6a3",
      "unicode_decimal": 59043
    },
    {
      "icon_id": "6604123",
      "name": "服务",
      "font_class": "fuwu1-copy",
      "unicode": "e600",
      "unicode_decimal": 58880
    },
    {
      "icon_id": "6718669",
      "name": "服务",
      "font_class": "fuwu3",
      "unicode": "e644",
      "unicode_decimal": 58948
    },
    {
      "icon_id": "6745918",
      "name": "概况",
      "font_class": "gaikuang",
      "unicode": "e608",
      "unicode_decimal": 58888
    },
    {
      "icon_id": "8084253",
      "name": "服务",
      "font_class": "fuwu4",
      "unicode": "e746",
      "unicode_decimal": 59206
    },
    {
      "icon_id": "9589968",
      "name": "概况",
      "font_class": "gaikuang1",
      "unicode": "e602",
      "unicode_decimal": 58882
    },
    {
      "icon_id": "9748115",
      "name": "服务",
      "font_class": "fuwu5",
      "unicode": "e64a",
      "unicode_decimal": 58954
    },
    {
      "icon_id": "9783460",
      "name": "概览",
      "font_class": "gailan",
      "unicode": "e612",
      "unicode_decimal": 58898
    },
    {
      "icon_id": "10407548",
      "name": "服务人员管理",
      "font_class": "fuwurenyuanguanli1",
      "unicode": "e601",
      "unicode_decimal": 58881
    },
    {
      "icon_id": "13157644",
      "name": "服务人员",
      "font_class": "fuwurenyuan",
      "unicode": "e648",
      "unicode_decimal": 58952
    },
    {
      "icon_id": "14151855",
      "name": "概览",
      "font_class": "gailan1",
      "unicode": "e631",
      "unicode_decimal": 58929
    },
    {
      "icon_id": "16322388",
      "name": "服务",
      "font_class": "fuwu6",
      "unicode": "e6d4",
      "unicode_decimal": 59092
    },
    {
      "icon_id": "16325822",
      "name": "概况_概况",
      "font_class": "gaikuang_gaikuang",
      "unicode": "e603",
      "unicode_decimal": 58883
    },
    {
      "icon_id": "16372256",
      "name": "服务",
      "font_class": "fuwu7",
      "unicode": "e651",
      "unicode_decimal": 58961
    },
    {
      "icon_id": "16588045",
      "name": "服务",
      "font_class": "fuwu8",
      "unicode": "e700",
      "unicode_decimal": 59136
    },
    {
      "icon_id": "18210561",
      "name": "信贷额度页-信贷额度概况",
      "font_class": "xindaieduye-xindaiedugaikuang",
      "unicode": "e663",
      "unicode_decimal": 58979
    },
    {
      "icon_id": "18644533",
      "name": "服务",
      "font_class": "fuwu9",
      "unicode": "e60a",
      "unicode_decimal": 58890
    },
    {
      "icon_id": "22417277",
      "name": "服务",
      "font_class": "fuwu10",
      "unicode": "e64b",
      "unicode_decimal": 58955
    },
    {
      "icon_id": "22432615",
      "name": "服务人员",
      "font_class": "fuwurenyuan1",
      "unicode": "ef4b",
      "unicode_decimal": 61259
    },
    {
      "icon_id": "23567812",
      "name": "服务人员",
      "font_class": "fuwurenyuan2",
      "unicode": "ef98",
      "unicode_decimal": 61336
    },
    {
      "icon_id": "24736969",
      "name": "服务器",
      "font_class": "fuwuqi",
      "unicode": "ed0e",
      "unicode_decimal": 60686
    },
    {
      "icon_id": "25331732",
      "name": "概览",
      "font_class": "gailan2",
      "unicode": "e788",
      "unicode_decimal": 59272
    },
    {
      "icon_id": "25598815",
      "name": "服务人员",
      "font_class": "fuwurenyuan3",
      "unicode": "f00f",
      "unicode_decimal": 61455
    },
    {
      "icon_id": "26709868",
      "name": "项目概况_0",
      "font_class": "xiangmugaikuang_0",
      "unicode": "e7d0",
      "unicode_decimal": 59344
    },
    {
      "icon_id": "26847634",
      "name": "服务",
      "font_class": "fuwu11",
      "unicode": "e661",
      "unicode_decimal": 58977
    }
  ]
}
